HID,"Lat,Lng"
HID1,"26.9272302,75.7892074"
HID2,"26.973697,75.84438205000001"
HID3,"26.957344399999997,75.8428861"
HID4,"26.87435885,75.8164206"
HID5,"26.9193125,75.7911748"
HID6,"26.902939999999997,75.792486"
HID7,"26.916517499999998,75.80788760000002"
HID8,"26.842513099999998,75.7941252"
HID9,"26.928505599999998,75.79241929999999"
HID10,"26.9159108,75.792374"
HID11,"26.881925899999995,75.7975034"
HID12,"26.914624599999996,75.7912757"
HID13,"26.9080169,75.77997119999999"
HID14,"26.92048906578009,75.79471659997435"
HID15,"26.895091599999997,75.8266799"
HID16,"26.8463761,75.8004811"
HID17,"26.9170093,75.80613550000001"
HID18,"26.9193419,75.80106169999999"
HID19,"26.928167799999997,75.79072165000001"
HID20,"26.933555199999994,75.83652219999999"
HID21,"26.7882441,75.8303263"
HID22,"26.8728891,75.77704729999999"
HID23,"26.88782905,75.79421675"
HID24,"26.927813999999998,75.78774100000001"
HID25,"26.9210164,75.7946968"
HID26,"26.926691700000003,75.79047419999999"
HID27,"26.9252671,75.80115339999999"
HID28,"26.9154056,75.81100959999999"
HID29,"26.9161,75.796008"
HID30,"26.901432999999997,75.78471859999999"
HID31,"26.923562500000003,75.8016944"
HID32,"26.8436693,75.79413749999999"
HID33,"26.912133500000003,75.7851706"
HID34,"26.91666125,75.80563545"
HID35,"26.865060800000006,75.80674230000001"
HID36,"26.844935999999997,75.792987"
HID37,"26.839588700000004,75.8075013"
HID38,"26.8476857,75.8013546"
HID39,"26.879856699999998,75.7585536"
HID40,"26.86050525,75.76342724999999"
HID41,"26.9087799,75.80264129999999"
HID42,"26.987311500000004,75.85066189999999"
HID43,"26.828328900000002,75.7939768"
HID44,"27.029805999999997,75.8962882"
HID45,"26.924633999999998,75.7967434"
HID46,"26.9317139,75.79141659999999"
HID47,"26.925017000000004,75.8015132"
HID48,"26.8404241,75.7947605"
HID49,"26.911237000000003,75.7521211"
HID50,"26.918015399999994,75.791685"
HID51,"26.9295858,75.8088254"
HID52,"26.9007497,75.8211013"
HID53,"26.892955500000006,75.7584303"
HID54,"26.9287873,75.7917492"
HID55,"26.8859198,75.73196659999999"
HID56,"27.0302628,75.8956798"
HID57,"26.9475569,75.77332"
HID58,"26.915420299999997,75.7524099"
HID59,"26.8473802,75.8084428"
HID60,"26.925198299999998,75.8007904"
HID61,"26.916824199999994,75.8806512"
HID62,"26.9206312,75.8040946"
HID63,"26.8417597,75.79618889999999"
HID64,"26.929299800000003,75.8281061"
HID65,"26.8978723,75.8163869"
HID66,"26.9373377,75.7960777"
HID67,"26.898105299999997,75.8081498"
HID68,"26.9842515,75.90582839999999"
HID69,"26.902599,75.7524281"
HID70,"26.906100000000002,75.7969864"
HID71,"26.916183099999998,75.7963812"
HID72,"26.924740699999997,75.7936217"
HID73,"26.910814,75.80195789999999"
HID74,"26.9252792,75.7457239"
HID75,"26.926716499999998,75.78980490000001"
HID76,"26.910669799999997,75.789367"
HID77,"26.9162153,75.7956004"
HID78,"26.9277706,75.786476"
HID79,"26.923083899999998,75.7467762"
HID80,"26.9146455,75.7925911"
HID81,"26.940098799999998,75.79529025"
HID82,"26.898218800000002,75.813938"
HID83,"26.9165043,75.8107679"
HID84,"26.8646857,75.7960927"
HID85,"26.925290900000004,75.7904205"
HID86,"26.767485399999998,75.8362399"
HID87,"26.928345999999998,75.792566"
HID88,"26.8252613,75.6979265"
HID89,"26.9121913,75.7941699"
HID90,"26.925093999999998,75.790595"
HID91,"26.902563099999995,75.79367789999999"
HID92,"27.015055399999998,75.8814214"
HID93,"26.95061045,75.79615625000001"
HID94,"26.875940099999998,75.8837593"
HID95,"27.0349303,75.8710011"
HID96,"26.779372799999997,75.8280431"
HID97,"26.916354899999998,75.7959152"
HID98,"26.9006218,75.821393"
HID99,"26.922822699999994,75.8053469"
HID100,"26.9176807,75.8116302"
HID101,"26.9024769,75.79427"
HID102,"26.9901831,75.8649365"
HID103,"26.921170399999998,75.79489099999999"
HID104,"26.9195383,75.7978272"
HID105,"26.930204999999997,75.7881644"
HID106,"26.9351975,75.7915031"
HID107,"26.9224954,75.805494"
HID108,"26.9168807,75.7951732"
HID109,"26.909030800000004,75.8151314"
HID110,"26.9150958,75.778611"
HID111,"26.924046500000003,75.7995771"
HID112,"26.921515,75.793657"
HID113,"26.8581821,75.7950953"
HID114,"26.920905100000002,75.80431449999999"
HID115,"26.9305368,76.14607629999999"
HID116,"26.935454999999997,75.833753"
HID117,"26.933455899999995,75.7943062"
HID118,"26.916676049999996,75.78966505"
HID119,"26.931899999999995,75.78847800000001"
HID120,"26.930063300000004,75.8849302"
HID121,"26.9216994,75.7947823"
HID122,"26.919662599999995,75.8246636"
HID123,"26.8883783,75.7694277"
HID124,"26.8187996,75.8592398"
HID125,"26.8433784,75.794634"
HID126,"26.922677399999998,75.7984322"
HID127,"26.921151599999995,75.80256779999999"
HID128,"26.9463372,75.8394325"
HID129,"26.9230965,75.7192254"
HID130,"26.918081500000003,75.79196835"
HID131,"27.008898199999997,75.8825471"
HID132,"26.9228217,75.79936289999999"
HID133,"26.9958252,75.8827588"
HID134,"26.915926600000002,75.8113095"
HID135,"26.9156418,75.7949142"
HID136,"26.9374675,75.8000694"
HID137,"26.852561699999995,75.77942999999999"
HID138,"26.911194000000002,75.81271199999999"
HID139,"26.8755745,75.7499464"
HID140,"26.913377599999997,75.8083154"
HID141,"26.8784518,75.74542269999999"
HID142,"26.917892899999995,75.7918352"
HID143,"26.918174699999994,75.7906055"
HID144,"26.782621,75.84163099999999"
HID145,"26.924839499999997,75.8049566"
HID146,"26.9241704,75.7975225"
HID147,"26.924262449999997,75.74659059999999"
HID148,"26.923356,75.79216509999999"
HID149,"26.924765,75.789311"
HID150,"26.958361699999998,75.84351"
HID151,"26.918727999999998,75.80780000000001"
HID152,"26.929949099999998,75.8117547"
HID153,"26.919998500000002,75.800184"
HID154,"26.919646699999998,75.8052469"
HID155,"26.915325366382973,75.77862173308127"
HID156,"26.9099024,75.8124713"
HID157,"26.879762600000003,75.5904691"
HID158,"26.9212992,75.7877042"
HID159,"26.994549049999996,75.82377799999999"
HID160,"26.88978,75.808804"
HID161,"26.928739900000004,75.78570599999999"
HID162,"26.8954218,75.749436"
HID163,"26.929385000000003,75.7903596"
HID164,"26.9186983,75.8128345"
HID165,"26.885210750000002,75.79055784999998"
HID166,"26.9219665,75.7978807"
HID167,"26.888395,75.7660865"
HID168,"26.924631199999997,75.7971233"
HID169,"26.918953099999996,75.8132255"
HID170,"26.9293887,75.81380235"
HID171,"26.9246655,75.7898738"
HID172,"26.891311199999997,75.7426438"
HID173,"26.8337249,75.7676625"
HID174,"26.8489522,75.8042995"
HID175,"26.872367699999998,75.74679189999999"
HID176,"26.934868599999998,75.8171855"
HID177,"26.932526,75.78735999999999"
HID178,"26.872221000000003,75.94950039999999"
HID179,"26.903369499999997,75.7771034"
HID180,"26.909698100000004,75.67917969999999"
HID181,"26.907090349999997,75.79316395000001"
HID182,"27.030266899999997,75.8950795"
HID183,"26.939159000000004,75.796813"
HID184,"26.860591000000003,75.6686362"
HID185,"26.904156999999998,75.840226"
HID186,"26.920826299999998,75.7959528"
HID187,"26.926773999999995,75.79165499999999"
HID188,"26.903018,75.779765"
HID189,"26.9440152,75.773806"
HID190,"26.933857999999997,75.8342236"
HID191,"26.93597,75.798949"
HID192,"26.920499999999997,75.82040900000001"
HID193,"26.897126,75.767309"
HID194,"26.918155499999997,75.791046"
HID195,"26.904453500000002,75.79195545"
HID196,"26.924929,75.787572"
HID197,"26.9080591,75.8316761"
HID198,"26.916944699999995,75.80396929999999"
HID199,"26.911811,75.78707399999999"
HID200,"26.97475180903744,75.87208765774032"
HID201,"26.8361265,75.8039433"
HID202,"26.9360642,75.83459979999999"
HID203,"26.936554299999994,75.79001590000001"
HID204,"26.9479593,75.7734752"
HID205,"26.925071480179376,75.78949731956043"
HID206,"26.943674,75.77368539999999"
HID207,"27.061794000000003,75.7496261"
HID208,"26.9633884,75.8462509"
HID209,"26.9701593,75.7734073"
HID210,"26.926565299999996,75.7900734"
HID211,"26.925848199999997,75.7942305"
HID212,"26.910968000000004,75.74608099999999"
HID213,"26.848424599999994,75.8012327"
HID214,"26.918640399999994,75.80691019999999"
HID215,"26.930456099999997,75.8283867"
HID216,"26.9368736,75.8461842"
HID217,"26.830473099999995,75.7758327"
HID218,"26.905382000000003,75.78085399999999"
HID219,"26.929476200000003,75.7935341"
HID220,"26.880348,75.7514803"
HID221,"26.914931,75.7482946"
HID222,"26.9516128,75.75816429999999"
HID223,"26.940740700000003,75.8364063"
HID224,"26.920708599999994,75.8011211"
HID225,"26.916462399999997,75.7641279"
HID226,"26.924491999999997,75.7528311"
HID227,"26.925119199999994,75.8026781"
HID228,"26.965494,75.754452"
HID229,"26.881915499999998,75.7987304"
HID230,"26.8445859,75.8011357"
HID231,"26.946933899999994,75.7736639"
HID232,"26.916507900000003,75.7918459"
HID233,"26.833257699999997,75.8066741"
HID234,"27.049445499999997,75.8192578"
HID235,"26.920232000000002,75.79903019999999"
HID236,"26.920738399999998,75.79689189999999"
HID237,"26.8996137,75.7998849"
HID238,"26.9303494,75.7880161"
HID239,"27.066656,75.75224"
HID240,"26.927671,75.7859552"
HID241,"26.899348999999997,75.794642"
HID242,"26.9226545,75.79843149999999"
HID243,"26.9253331,75.801462"
HID244,"26.990699799999998,75.852642"
HID245,"26.937275000000003,75.835284"
HID246,"26.769337,75.8374233"
HID247,"26.916302999999996,75.8143161"
HID248,"26.923167799999998,75.7921556"
HID249,"26.945920700000002,75.8462972"
HID250,"26.9177602,75.8111704"
HID251,"26.9060009,75.8021073"
HID252,"26.912569699999995,75.7965289"
HID253,"26.918241999999996,75.799674"
HID254,"26.930574,75.79124399999999"